agent_todo_RECORD_IN_WORK_PROGRESSION,where `_removed`.`toDoProperties`.`type`='RECORD_IN_WORK_PROGRESSION' or `toDoProperties`.`type`='RECORD_IN_WORK_PROGRESSION'
agent_todo_PREPARE_COMMITMENTS_TO_DO_PROPERTIES,where `_removed`.`toDoProperties`.`type`='PREPARE_COMMITMENTS_TO_DO_PROPERTIES' or `toDoProperties`.`type`='PREPARE_COMMITMENTS_TO_DO_PROPERTIES'
agent_todo_REVIEW_SANCTIONS_TODO,where `_removed`.`toDoProperties`.`type`='REVIEW_SANCTIONS_TODO' or `toDoProperties`.`type`='REVIEW_SANCTIONS_TODO'
agent_todo_APA_CREATE,where `_removed`.`toDoProperties`.`type`='APA_CREATE' or `toDoProperties`.`type`='APA_CREATE'
agent_todo_MAKE_A_DECISION_LATE_REPORTING_OF_CHANGE_TO_DO_PROPERTIES,where `_removed`.`toDoProperties`.`type`='MAKE_A_DECISION_LATE_REPORTING_OF_CHANGE_TO_DO_PROPERTIES' or `toDoProperties`.`type`='MAKE_A_DECISION_LATE_REPORTING_OF_CHANGE_TO_DO_PROPERTIES'
agent_todo_APA_CHECK_LANDLORD,where `_removed`.`toDoProperties`.`type`='APA_CHECK_LANDLORD' or `toDoProperties`.`type`='APA_CHECK_LANDLORD'
agent_todo_ABSENT_CHILD,where `_removed`.`toDoProperties`.`type`='ABSENT_CHILD' or `toDoProperties`.`type`='ABSENT_CHILD'
agent_todo_ACCOUNT_LOCKED_PROPERTIES,where `_removed`.`toDoProperties`.`type`='ACCOUNT_LOCKED_PROPERTIES' or `toDoProperties`.`type`='ACCOUNT_LOCKED_PROPERTIES'
agent_todo_ADD_CHILD,where `_removed`.`toDoProperties`.`type`='ADD_CHILD' or `toDoProperties`.`type`='ADD_CHILD'
agent_todo_ADDRESS_SUMMARY,where `_removed`.`toDoProperties`.`type`='ADDRESS_SUMMARY' or `toDoProperties`.`type`='ADDRESS_SUMMARY'
agent_todo_AGENT_GENERATED_TO_DO_PROPERTIES,where `_removed`.`toDoProperties`.`type`='AGENT_GENERATED_TO_DO_PROPERTIES' or `toDoProperties`.`type`='AGENT_GENERATED_TO_DO_PROPERTIES'
agent_todo_ASSESSMENT_PERIOD,where `_removed`.`toDoProperties`.`type`='ASSESSMENT_PERIOD' or `toDoProperties`.`type`='ASSESSMENT_PERIOD'
agent_todo_BACKDATED_CLAIM,where `_removed`.`toDoProperties`.`type`='BACKDATED_CLAIM' or `toDoProperties`.`type`='BACKDATED_CLAIM'
agent_todo_BOOK_APPOINTMENT_WORK_GROUP_CHANGE,where `_removed`.`toDoProperties`.`type`='BOOK_APPOINTMENT_WORK_GROUP_CHANGE' or `toDoProperties`.`type`='BOOK_APPOINTMENT_WORK_GROUP_CHANGE'
agent_todo_CALCULATE_DEDUCTIONS_PROPERTIES,where `_removed`.`toDoProperties`.`type`='CALCULATE_DEDUCTIONS_PROPERTIES' or `toDoProperties`.`type`='CALCULATE_DEDUCTIONS_PROPERTIES'
agent_todo_CHECK_CIS_FOR_CARERS_ALLOWANCE_TO_DO_PROPERTIES,where `_removed`.`toDoProperties`.`type`='CHECK_CIS_FOR_CARERS_ALLOWANCE_TO_DO_PROPERTIES' or `toDoProperties`.`type`='CHECK_CIS_FOR_CARERS_ALLOWANCE_TO_DO_PROPERTIES'
agent_todo_CHECK_PERSONAL_DETAILS,where `_removed`.`toDoProperties`.`type`='CHECK_PERSONAL_DETAILS' or `toDoProperties`.`type`='CHECK_PERSONAL_DETAILS'
agent_todo_CHECK_PREGNANCY_DETAILS_PROPERTIES,where `_removed`.`toDoProperties`.`type`='CHECK_PREGNANCY_DETAILS_PROPERTIES' or `toDoProperties`.`type`='CHECK_PREGNANCY_DETAILS_PROPERTIES'
agent_todo_CHECK_WORKGROUP_AND_COMMITMENT_ON_HEALTH_AND_DISABILITY_CHANGE,where `_removed`.`toDoProperties`.`type`='CHECK_WORKGROUP_AND_COMMITMENT_ON_HEALTH_AND_DISABILITY_CHANGE' or `toDoProperties`.`type`='CHECK_WORKGROUP_AND_COMMITMENT_ON_HEALTH_AND_DISABILITY_CHANGE'
agent_todo_CONSIDER_CLOSING_CLAIM,where `_removed`.`toDoProperties`.`type`='CONSIDER_CLOSING_CLAIM' or `toDoProperties`.`type`='CONSIDER_CLOSING_CLAIM'
agent_todo_DATA_GATHER_REFER_HRT_TO_DECISION_MAKER,where `_removed`.`toDoProperties`.`type`='DATA_GATHER_REFER_HRT_TO_DECISION_MAKER' or `toDoProperties`.`type`='DATA_GATHER_REFER_HRT_TO_DECISION_MAKER'
agent_todo_DATE_OF_BIRTH_SUMMARY,where `_removed`.`toDoProperties`.`type`='DATE_OF_BIRTH_SUMMARY' or `toDoProperties`.`type`='DATE_OF_BIRTH_SUMMARY'
agent_todo_DIFFERENCE_BETWEEN_CALCULATION_AND_PAYMENTS,where `_removed`.`toDoProperties`.`type`='DIFFERENCE_BETWEEN_CALCULATION_AND_PAYMENTS' or `toDoProperties`.`type`='DIFFERENCE_BETWEEN_CALCULATION_AND_PAYMENTS'
agent_todo_EARNINGS_SUPPLIED,where `_removed`.`toDoProperties`.`type`='EARNINGS_SUPPLIED' or `toDoProperties`.`type`='EARNINGS_SUPPLIED'
agent_todo_EARNINGS,where `_removed`.`toDoProperties`.`type`='EARNINGS' or `toDoProperties`.`type`='EARNINGS'
agent_todo_END_OF_RELATIONSHIP_CONTACT_CLAIMANT,where `_removed`.`toDoProperties`.`type`='END_OF_RELATIONSHIP_CONTACT_CLAIMANT' or `toDoProperties`.`type`='END_OF_RELATIONSHIP_CONTACT_CLAIMANT'
agent_todo_ENDING_SELF_EMPLOYMENT,where `_removed`.`toDoProperties`.`type`='ENDING_SELF_EMPLOYMENT' or `toDoProperties`.`type`='ENDING_SELF_EMPLOYMENT'
agent_todo_ENTITLEMENT_REVIEW_PROPERTIES,where `_removed`.`toDoProperties`.`type`='ENTITLEMENT_REVIEW_PROPERTIES' or `toDoProperties`.`type`='ENTITLEMENT_REVIEW_PROPERTIES'
agent_todo_EXTRA_BEDROOM_DUE_TO_DISABILITY,where `_removed`.`toDoProperties`.`type`='EXTRA_BEDROOM_DUE_TO_DISABILITY' or `toDoProperties`.`type`='EXTRA_BEDROOM_DUE_TO_DISABILITY'
agent_todo_FOR_ASSESSMENT_PERIOD_PROPERTIES,where `_removed`.`toDoProperties`.`type`='FOR_ASSESSMENT_PERIOD_PROPERTIES' or `toDoProperties`.`type`='FOR_ASSESSMENT_PERIOD_PROPERTIES'
agent_todo_GATHER_EVIDENCE_FOR_WAITING_DAYS,where `_removed`.`toDoProperties`.`type`='GATHER_EVIDENCE_FOR_WAITING_DAYS' or `toDoProperties`.`type`='GATHER_EVIDENCE_FOR_WAITING_DAYS'
agent_todo_GENERATE_STATEMENT,where `_removed`.`toDoProperties`.`type`='GENERATE_STATEMENT' or `toDoProperties`.`type`='GENERATE_STATEMENT'
agent_todo_HOUSING_DECLARATION_TO_DO_PROPERTIES,where `_removed`.`toDoProperties`.`type`='HOUSING_DECLARATION_TO_DO_PROPERTIES' or `toDoProperties`.`type`='HOUSING_DECLARATION_TO_DO_PROPERTIES'
agent_todo_HRT_ENTITLEMENT_DECISION,where `_removed`.`toDoProperties`.`type`='HRT_ENTITLEMENT_DECISION' or `toDoProperties`.`type`='HRT_ENTITLEMENT_DECISION'
agent_todo_HRT_ENTITLEMENT_RECHECK_PROPERTIES,where `_removed`.`toDoProperties`.`type`='HRT_ENTITLEMENT_RECHECK_PROPERTIES' or `toDoProperties`.`type`='HRT_ENTITLEMENT_RECHECK_PROPERTIES'
agent_todo_INFORM_CLAIMANT_LENDER_END_SMI_TODO_PROPERTIES,where `_removed`.`toDoProperties`.`type`='INFORM_CLAIMANT_LENDER_END_SMI_TODO_PROPERTIES' or `toDoProperties`.`type`='INFORM_CLAIMANT_LENDER_END_SMI_TODO_PROPERTIES'
agent_todo_INTERVENTION_FEEDBACK,where `_removed`.`toDoProperties`.`type`='INTERVENTION_FEEDBACK' or `toDoProperties`.`type`='INTERVENTION_FEEDBACK'
agent_todo_INTERVENTION_REVIEW,where `_removed`.`toDoProperties`.`type`='INTERVENTION_REVIEW' or `toDoProperties`.`type`='INTERVENTION_REVIEW'
agent_todo_INVESTIGATE_DUPLICATE_ACCOUNT_TODO_PROPERTIES,where `_removed`.`toDoProperties`.`type`='INVESTIGATE_DUPLICATE_ACCOUNT_TODO_PROPERTIES' or `toDoProperties`.`type`='INVESTIGATE_DUPLICATE_ACCOUNT_TODO_PROPERTIES'
agent_todo_JOURNAL_ENTRY,where `_removed`.`toDoProperties`.`type`='JOURNAL_ENTRY' or `toDoProperties`.`type`='JOURNAL_ENTRY'
agent_todo_MAKE_A_DECISION_ALP_TO_DO_PROPERTIES,where `_removed`.`toDoProperties`.`type`='MAKE_A_DECISION_ALP_TO_DO_PROPERTIES' or `toDoProperties`.`type`='MAKE_A_DECISION_ALP_TO_DO_PROPERTIES'
agent_todo_NEW_RELATIONSHIP,where `_removed`.`toDoProperties`.`type`='NEW_RELATIONSHIP' or `toDoProperties`.`type`='NEW_RELATIONSHIP'
agent_todo_NON_DEPENDENT_HOUSING_COST_CONTRIBUTION,where `_removed`.`toDoProperties`.`type`='NON_DEPENDENT_HOUSING_COST_CONTRIBUTION' or `toDoProperties`.`type`='NON_DEPENDENT_HOUSING_COST_CONTRIBUTION'
agent_todo_NOTIFY_EXISTING_BENEFIT_TO_DO_PROPERTIES,where `_removed`.`toDoProperties`.`type`='NOTIFY_EXISTING_BENEFIT_TO_DO_PROPERTIES' or `toDoProperties`.`type`='NOTIFY_EXISTING_BENEFIT_TO_DO_PROPERTIES'
agent_todo_OVERDUE_TO_DOS_FOR_CALCULATION,where `_removed`.`toDoProperties`.`type`='OVERDUE_TO_DOS_FOR_CALCULATION' or `toDoProperties`.`type`='OVERDUE_TO_DOS_FOR_CALCULATION'
agent_todo_PERMITTED_PERIOD_EXPIRING_SOON,where `_removed`.`toDoProperties`.`type`='PERMITTED_PERIOD_EXPIRING_SOON' or `toDoProperties`.`type`='PERMITTED_PERIOD_EXPIRING_SOON'
agent_todo_PERSON_DETAILS_PROPERTIES,where `_removed`.`toDoProperties`.`type`='PERSON_DETAILS_PROPERTIES' or `toDoProperties`.`type`='PERSON_DETAILS_PROPERTIES'
agent_todo_PERSON_SUMMARY,where `_removed`.`toDoProperties`.`type`='PERSON_SUMMARY' or `toDoProperties`.`type`='PERSON_SUMMARY'
agent_todo_RTE_SUPPLIED,where `_removed`.`toDoProperties`.`type`='RTE_SUPPLIED' or `toDoProperties`.`type`='RTE_SUPPLIED'
agent_todo_RECORD_OVERLAPPING_BENEFIT_TO_DO_PROPERTIES,where `_removed`.`toDoProperties`.`type`='RECORD_OVERLAPPING_BENEFIT_TO_DO_PROPERTIES' or `toDoProperties`.`type`='RECORD_OVERLAPPING_BENEFIT_TO_DO_PROPERTIES'
agent_todo_RECOVER_OVERLAPPING_BENEFIT_PAYMENTS,where `_removed`.`toDoProperties`.`type`='RECOVER_OVERLAPPING_BENEFIT_PAYMENTS' or `toDoProperties`.`type`='RECOVER_OVERLAPPING_BENEFIT_PAYMENTS'
agent_todo_REFER_ENTITLEMENT_TO_DECISION_MAKER_PROPERTIES,where `_removed`.`toDoProperties`.`type`='REFER_ENTITLEMENT_TO_DECISION_MAKER_PROPERTIES' or `toDoProperties`.`type`='REFER_ENTITLEMENT_TO_DECISION_MAKER_PROPERTIES'
agent_todo_REFER_OVERPAYMENT,where `_removed`.`toDoProperties`.`type`='REFER_OVERPAYMENT' or `toDoProperties`.`type`='REFER_OVERPAYMENT'
agent_todo_REJECTED_CARING,where `_removed`.`toDoProperties`.`type`='REJECTED_CARING' or `toDoProperties`.`type`='REJECTED_CARING'
agent_todo_RELATIONSHIP_ENDED,where `_removed`.`toDoProperties`.`type`='RELATIONSHIP_ENDED' or `toDoProperties`.`type`='RELATIONSHIP_ENDED'
agent_todo_REPORT_THIS_SELF_EMPLOYMENT,where `_removed`.`toDoProperties`.`type`='REPORT_THIS_SELF_EMPLOYMENT' or `toDoProperties`.`type`='REPORT_THIS_SELF_EMPLOYMENT'
agent_todo_RETROSPECTIVE_CALC_PROPERTIES,where `_removed`.`toDoProperties`.`type`='RETROSPECTIVE_CALC_PROPERTIES' or `toDoProperties`.`type`='RETROSPECTIVE_CALC_PROPERTIES'
agent_todo_REVIEW_CLAIMANT_TODO,where `_removed`.`toDoProperties`.`type`='REVIEW_CLAIMANT_TODO' or `toDoProperties`.`type`='REVIEW_CLAIMANT_TODO'
agent_todo_REVIEW_DEADLINE_TODO,where `_removed`.`toDoProperties`.`type`='REVIEW_DEADLINE_TODO' or `toDoProperties`.`type`='REVIEW_DEADLINE_TODO'
agent_todo_REVIEW_MINIMUM_INCOME_FLOOR_TO_DO_PROPERTIES,where `_removed`.`toDoProperties`.`type`='REVIEW_MINIMUM_INCOME_FLOOR_TO_DO_PROPERTIES' or `toDoProperties`.`type`='REVIEW_MINIMUM_INCOME_FLOOR_TO_DO_PROPERTIES'
agent_todo_RTE_TO_DO_PROPERTIES,where `_removed`.`toDoProperties`.`type`='RTE_TO_DO_PROPERTIES' or `toDoProperties`.`type`='RTE_TO_DO_PROPERTIES'
agent_todo_SCOTTISH_FLEX_DIRECT_PAYMENT_TO_LANDLORD,where `_removed`.`toDoProperties`.`type`='SCOTTISH_FLEX_DIRECT_PAYMENT_TO_LANDLORD' or `toDoProperties`.`type`='SCOTTISH_FLEX_DIRECT_PAYMENT_TO_LANDLORD'
agent_todo_SELF_EMPLOYED_EARNINGS_TO_DO_PROPERTIES,where `_removed`.`toDoProperties`.`type`='SELF_EMPLOYED_EARNINGS_TO_DO_PROPERTIES' or `toDoProperties`.`type`='SELF_EMPLOYED_EARNINGS_TO_DO_PROPERTIES'
agent_todo_STARTED_CARING,where `_removed`.`toDoProperties`.`type`='STARTED_CARING' or `toDoProperties`.`type`='STARTED_CARING'
agent_todo_STARTING_SELF_EMPLOYMENT,where `_removed`.`toDoProperties`.`type`='STARTING_SELF_EMPLOYMENT' or `toDoProperties`.`type`='STARTING_SELF_EMPLOYMENT'
agent_todo_STOPPED_CARING,where `_removed`.`toDoProperties`.`type`='STOPPED_CARING' or `toDoProperties`.`type`='STOPPED_CARING'
agent_todo_TIME_OFF_CARING,where `_removed`.`toDoProperties`.`type`='TIME_OFF_CARING' or `toDoProperties`.`type`='TIME_OFF_CARING'
agent_todo_UNMATCHED_CLAIMANT_TO_DO_PROPERTIES,where `_removed`.`toDoProperties`.`type`='UNMATCHED_CLAIMANT_TO_DO_PROPERTIES' or `toDoProperties`.`type`='UNMATCHED_CLAIMANT_TO_DO_PROPERTIES'
agent_todo_UPDATE_CIS_AFTER_CHANGE_OF_CIRCS,where `_removed`.`toDoProperties`.`type`='UPDATE_CIS_AFTER_CHANGE_OF_CIRCS' or `toDoProperties`.`type`='UPDATE_CIS_AFTER_CHANGE_OF_CIRCS'
agent_todo_UPDATE_CIS_FROM_CIS_500_PROPERTIES,where `_removed`.`toDoProperties`.`type`='UPDATE_CIS_FROM_CIS_500_PROPERTIES' or `toDoProperties`.`type`='UPDATE_CIS_FROM_CIS_500_PROPERTIES'
agent_todo_UPDATE_CIS_FROM_TRACE_CIS_PROPERTIES,where `_removed`.`toDoProperties`.`type`='UPDATE_CIS_FROM_TRACE_CIS_PROPERTIES' or `toDoProperties`.`type`='UPDATE_CIS_FROM_TRACE_CIS_PROPERTIES'
agent_todo_UPDATE_CIS_PROPERTIES,where `_removed`.`toDoProperties`.`type`='UPDATE_CIS_PROPERTIES' or `toDoProperties`.`type`='UPDATE_CIS_PROPERTIES'
agent_todo_VERIFY_CHILDCARE,where `_removed`.`toDoProperties`.`type`='VERIFY_CHILDCARE' or `toDoProperties`.`type`='VERIFY_CHILDCARE'
agent_todo_VERIFY_FILE_UPLOADED_CHILDCARE,where `_removed`.`toDoProperties`.`type`='VERIFY_FILE_UPLOADED_CHILDCARE' or `toDoProperties`.`type`='VERIFY_FILE_UPLOADED_CHILDCARE'
agent_todo_VERIFY_SELF_EMPLOYMENT,where `_removed`.`toDoProperties`.`type`='VERIFY_SELF_EMPLOYMENT' or `toDoProperties`.`type`='VERIFY_SELF_EMPLOYMENT'
agent_todo_WCA_DECISION,where `_removed`.`toDoProperties`.`type`='WCA_DECISION' or `toDoProperties`.`type`='WCA_DECISION'
agent_todo_WHO_LIVES_WITH_YOU_SUMMARY,where `_removed`.`toDoProperties`.`type`='WHO_LIVES_WITH_YOU_SUMMARY' or `toDoProperties`.`type`='WHO_LIVES_WITH_YOU_SUMMARY'
agent_todo_WORK_ALLOWANCE_CHANGES_CONTACT_CLAIMANT,where `_removed`.`toDoProperties`.`type`='WORK_ALLOWANCE_CHANGES_CONTACT_CLAIMANT' or `toDoProperties`.`type`='WORK_ALLOWANCE_CHANGES_CONTACT_CLAIMANT'
agent_todo_WORK_AND_EARNINGS_SUMMARY,where `_removed`.`toDoProperties`.`type`='WORK_AND_EARNINGS_SUMMARY' or `toDoProperties`.`type`='WORK_AND_EARNINGS_SUMMARY'
agent_todo_VERIFY_SOCIAL_HOUSING_PROPERTIES,where `_removed`.`toDoProperties`.`type`='VERIFY_SOCIAL_HOUSING_PROPERTIES' or `toDoProperties`.`type`='VERIFY_SOCIAL_HOUSING_PROPERTIES'
agent_todo_CALL_TERMINALLY_ILL_PROPERTIES,where `_removed`.`toDoProperties`.`type`='CALL_TERMINALLY_ILL_PROPERTIES' or `toDoProperties`.`type`='CALL_TERMINALLY_ILL_PROPERTIES'
agent_todo_CHECK_MEDICAL_EVIDENCE_PROPERTIES,where `_removed`.`toDoProperties`.`type`='CHECK_MEDICAL_EVIDENCE_PROPERTIES' or `toDoProperties`.`type`='CHECK_MEDICAL_EVIDENCE_PROPERTIES'
agent_todo_CHECK_WORKGROUP_AND_COMMITMENTS_FOR_PREGNANCY,where `_removed`.`toDoProperties`.`type`='CHECK_WORKGROUP_AND_COMMITMENTS_FOR_PREGNANCY' or `toDoProperties`.`type`='CHECK_WORKGROUP_AND_COMMITMENTS_FOR_PREGNANCY'
agent_todo_CONFIRM_BENEFIT_DETAILS,where `_removed`.`toDoProperties`.`type`='CONFIRM_BENEFIT_DETAILS' or `toDoProperties`.`type`='CONFIRM_BENEFIT_DETAILS'
agent_todo_CONSIDER_WCA_REFERRAL_PROPERTIES,where `_removed`.`toDoProperties`.`type`='CONSIDER_WCA_REFERRAL_PROPERTIES' or `toDoProperties`.`type`='CONSIDER_WCA_REFERRAL_PROPERTIES'
agent_todo_INVESTIGATE_CIS_INTEREST_ERROR,where `_removed`.`toDoProperties`.`type`='INVESTIGATE_CIS_INTEREST_ERROR' or `toDoProperties`.`type`='INVESTIGATE_CIS_INTEREST_ERROR'
agent_todo_OFFER_WCA_REFERRAL_PROPERTIES,where `_removed`.`toDoProperties`.`type`='OFFER_WCA_REFERRAL_PROPERTIES' or `toDoProperties`.`type`='OFFER_WCA_REFERRAL_PROPERTIES'
agent_todo_REPORT_THIS,where `_removed`.`toDoProperties`.`type`='REPORT_THIS' or `toDoProperties`.`type`='REPORT_THIS'
agent_todo_REVIEW_CLAIMANT_UPLOAD_PROPERTIES,where `_removed`.`toDoProperties`.`type`='REVIEW_CLAIMANT_UPLOAD_PROPERTIES' or `toDoProperties`.`type`='REVIEW_CLAIMANT_UPLOAD_PROPERTIES'
agent_todo_VERIFY_PROPERTIES,where `_removed`.`toDoProperties`.`type`='VERIFY_PROPERTIES' or `toDoProperties`.`type`='VERIFY_PROPERTIES'
agent_todo_CHECK_CALCULATION_PROPERTIES,where `_removed`.`toDoProperties`.`type`='CHECK_CALCULATION_PROPERTIES' or `toDoProperties`.`type`='CHECK_CALCULATION_PROPERTIES'
agent_todo_CALCULATE_PAYMENT_PROPERTIES,where `_removed`.`toDoProperties`.`type`='CALCULATE_PAYMENT_PROPERTIES' or `toDoProperties`.`type`='CALCULATE_PAYMENT_PROPERTIES'
agent_todo_MAKE_A_PAYMENT,where `_removed`.`toDoProperties`.`type`='MAKE_A_PAYMENT' or `toDoProperties`.`type`='MAKE_A_PAYMENT'
agent_todo_MAKE_A_PAYMENT_TODO_PROPERTIES,where `_removed`.`toDoProperties`.`type`='MAKE_A_PAYMENT_TODO_PROPERTIES' or `toDoProperties`.`type`='MAKE_A_PAYMENT_TODO_PROPERTIES'
agent_todo_MAKE_AN_ADVANCE_PAYMENT,where `_removed`.`toDoProperties`.`type`='MAKE_AN_ADVANCE_PAYMENT' or `toDoProperties`.`type`='MAKE_AN_ADVANCE_PAYMENT'
agent_todo_MAKE_AN_AUTO_CALCULATED_PAYMENT,where `_removed`.`toDoProperties`.`type`='MAKE_AN_AUTO_CALCULATED_PAYMENT' or `toDoProperties`.`type`='MAKE_AN_AUTO_CALCULATED_PAYMENT'
agent_todo_archive_RECORD_IN_WORK_PROGRESSION,where `_removed`.`toDoProperties`.`type`='RECORD_IN_WORK_PROGRESSION' or `toDoProperties`.`type`='RECORD_IN_WORK_PROGRESSION'
agent_todo_archive_PREPARE_COMMITMENTS_TO_DO_PROPERTIES,where `_removed`.`toDoProperties`.`type`='PREPARE_COMMITMENTS_TO_DO_PROPERTIES' or `toDoProperties`.`type`='PREPARE_COMMITMENTS_TO_DO_PROPERTIES'
agent_todo_archive_REVIEW_SANCTIONS_TODO,where `_removed`.`toDoProperties`.`type`='REVIEW_SANCTIONS_TODO' or `toDoProperties`.`type`='REVIEW_SANCTIONS_TODO'
agent_todo_archive_APA_CREATE,where `_removed`.`toDoProperties`.`type`='APA_CREATE' or `toDoProperties`.`type`='APA_CREATE'
agent_todo_archive_MAKE_A_DECISION_LATE_REPORTING_OF_CHANGE_TO_DO_PROPERTIES,where `_removed`.`toDoProperties`.`type`='MAKE_A_DECISION_LATE_REPORTING_OF_CHANGE_TO_DO_PROPERTIES' or `toDoProperties`.`type`='MAKE_A_DECISION_LATE_REPORTING_OF_CHANGE_TO_DO_PROPERTIES'
agent_todo_archive_APA_CHECK_LANDLORD,where `_removed`.`toDoProperties`.`type`='APA_CHECK_LANDLORD' or `toDoProperties`.`type`='APA_CHECK_LANDLORD'
agent_todo_archive_ABSENT_CHILD,where `_removed`.`toDoProperties`.`type`='ABSENT_CHILD' or `toDoProperties`.`type`='ABSENT_CHILD'
agent_todo_archive_ACCOUNT_LOCKED_PROPERTIES,where `_removed`.`toDoProperties`.`type`='ACCOUNT_LOCKED_PROPERTIES' or `toDoProperties`.`type`='ACCOUNT_LOCKED_PROPERTIES'
agent_todo_archive_ADD_CHILD,where `_removed`.`toDoProperties`.`type`='ADD_CHILD' or `toDoProperties`.`type`='ADD_CHILD'
agent_todo_archive_ADDRESS_SUMMARY,where `_removed`.`toDoProperties`.`type`='ADDRESS_SUMMARY' or `toDoProperties`.`type`='ADDRESS_SUMMARY'
agent_todo_archive_AGENT_GENERATED_TO_DO_PROPERTIES,where `_removed`.`toDoProperties`.`type`='AGENT_GENERATED_TO_DO_PROPERTIES' or `toDoProperties`.`type`='AGENT_GENERATED_TO_DO_PROPERTIES'
agent_todo_archive_ASSESSMENT_PERIOD,where `_removed`.`toDoProperties`.`type`='ASSESSMENT_PERIOD' or `toDoProperties`.`type`='ASSESSMENT_PERIOD'
agent_todo_archive_BACKDATED_CLAIM,where `_removed`.`toDoProperties`.`type`='BACKDATED_CLAIM' or `toDoProperties`.`type`='BACKDATED_CLAIM'
agent_todo_archive_BOOK_APPOINTMENT_WORK_GROUP_CHANGE,where `_removed`.`toDoProperties`.`type`='BOOK_APPOINTMENT_WORK_GROUP_CHANGE' or `toDoProperties`.`type`='BOOK_APPOINTMENT_WORK_GROUP_CHANGE'
agent_todo_archive_CALCULATE_DEDUCTIONS_PROPERTIES,where `_removed`.`toDoProperties`.`type`='CALCULATE_DEDUCTIONS_PROPERTIES' or `toDoProperties`.`type`='CALCULATE_DEDUCTIONS_PROPERTIES'
agent_todo_archive_CHECK_CIS_FOR_CARERS_ALLOWANCE_TO_DO_PROPERTIES,where `_removed`.`toDoProperties`.`type`='CHECK_CIS_FOR_CARERS_ALLOWANCE_TO_DO_PROPERTIES' or `toDoProperties`.`type`='CHECK_CIS_FOR_CARERS_ALLOWANCE_TO_DO_PROPERTIES'
agent_todo_archive_CHECK_PERSONAL_DETAILS,where `_removed`.`toDoProperties`.`type`='CHECK_PERSONAL_DETAILS' or `toDoProperties`.`type`='CHECK_PERSONAL_DETAILS'
agent_todo_archive_CHECK_PREGNANCY_DETAILS_PROPERTIES,where `_removed`.`toDoProperties`.`type`='CHECK_PREGNANCY_DETAILS_PROPERTIES' or `toDoProperties`.`type`='CHECK_PREGNANCY_DETAILS_PROPERTIES'
agent_todo_archive_CHECK_WORKGROUP_AND_COMMITMENT_ON_HEALTH_AND_DISABILITY_CHANGE,where `_removed`.`toDoProperties`.`type`='CHECK_WORKGROUP_AND_COMMITMENT_ON_HEALTH_AND_DISABILITY_CHANGE' or `toDoProperties`.`type`='CHECK_WORKGROUP_AND_COMMITMENT_ON_HEALTH_AND_DISABILITY_CHANGE'
agent_todo_archive_CONSIDER_CLOSING_CLAIM,where `_removed`.`toDoProperties`.`type`='CONSIDER_CLOSING_CLAIM' or `toDoProperties`.`type`='CONSIDER_CLOSING_CLAIM'
agent_todo_archive_DATA_GATHER_REFER_HRT_TO_DECISION_MAKER,where `_removed`.`toDoProperties`.`type`='DATA_GATHER_REFER_HRT_TO_DECISION_MAKER' or `toDoProperties`.`type`='DATA_GATHER_REFER_HRT_TO_DECISION_MAKER'
agent_todo_archive_DATE_OF_BIRTH_SUMMARY,where `_removed`.`toDoProperties`.`type`='DATE_OF_BIRTH_SUMMARY' or `toDoProperties`.`type`='DATE_OF_BIRTH_SUMMARY'
agent_todo_archive_DIFFERENCE_BETWEEN_CALCULATION_AND_PAYMENTS,where `_removed`.`toDoProperties`.`type`='DIFFERENCE_BETWEEN_CALCULATION_AND_PAYMENTS' or `toDoProperties`.`type`='DIFFERENCE_BETWEEN_CALCULATION_AND_PAYMENTS'
agent_todo_archive_EARNINGS_SUPPLIED,where `_removed`.`toDoProperties`.`type`='EARNINGS_SUPPLIED' or `toDoProperties`.`type`='EARNINGS_SUPPLIED'
agent_todo_archive_EARNINGS,where `_removed`.`toDoProperties`.`type`='EARNINGS' or `toDoProperties`.`type`='EARNINGS'
agent_todo_archive_END_OF_RELATIONSHIP_CONTACT_CLAIMANT,where `_removed`.`toDoProperties`.`type`='END_OF_RELATIONSHIP_CONTACT_CLAIMANT' or `toDoProperties`.`type`='END_OF_RELATIONSHIP_CONTACT_CLAIMANT'
agent_todo_archive_ENDING_SELF_EMPLOYMENT,where `_removed`.`toDoProperties`.`type`='ENDING_SELF_EMPLOYMENT' or `toDoProperties`.`type`='ENDING_SELF_EMPLOYMENT'
agent_todo_archive_ENTITLEMENT_REVIEW_PROPERTIES,where `_removed`.`toDoProperties`.`type`='ENTITLEMENT_REVIEW_PROPERTIES' or `toDoProperties`.`type`='ENTITLEMENT_REVIEW_PROPERTIES'
agent_todo_archive_EXTRA_BEDROOM_DUE_TO_DISABILITY,where `_removed`.`toDoProperties`.`type`='EXTRA_BEDROOM_DUE_TO_DISABILITY' or `toDoProperties`.`type`='EXTRA_BEDROOM_DUE_TO_DISABILITY'
agent_todo_archive_FOR_ASSESSMENT_PERIOD_PROPERTIES,where `_removed`.`toDoProperties`.`type`='FOR_ASSESSMENT_PERIOD_PROPERTIES' or `toDoProperties`.`type`='FOR_ASSESSMENT_PERIOD_PROPERTIES'
agent_todo_archive_GATHER_EVIDENCE_FOR_WAITING_DAYS,where `_removed`.`toDoProperties`.`type`='GATHER_EVIDENCE_FOR_WAITING_DAYS' or `toDoProperties`.`type`='GATHER_EVIDENCE_FOR_WAITING_DAYS'
agent_todo_archive_GENERATE_STATEMENT,where `_removed`.`toDoProperties`.`type`='GENERATE_STATEMENT' or `toDoProperties`.`type`='GENERATE_STATEMENT'
agent_todo_archive_HOUSING_DECLARATION_TO_DO_PROPERTIES,where `_removed`.`toDoProperties`.`type`='HOUSING_DECLARATION_TO_DO_PROPERTIES' or `toDoProperties`.`type`='HOUSING_DECLARATION_TO_DO_PROPERTIES'
agent_todo_archive_HRT_ENTITLEMENT_DECISION,where `_removed`.`toDoProperties`.`type`='HRT_ENTITLEMENT_DECISION' or `toDoProperties`.`type`='HRT_ENTITLEMENT_DECISION'
agent_todo_archive_HRT_ENTITLEMENT_RECHECK_PROPERTIES,where `_removed`.`toDoProperties`.`type`='HRT_ENTITLEMENT_RECHECK_PROPERTIES' or `toDoProperties`.`type`='HRT_ENTITLEMENT_RECHECK_PROPERTIES'
agent_todo_archive_INFORM_CLAIMANT_LENDER_END_SMI_TODO_PROPERTIES,where `_removed`.`toDoProperties`.`type`='INFORM_CLAIMANT_LENDER_END_SMI_TODO_PROPERTIES' or `toDoProperties`.`type`='INFORM_CLAIMANT_LENDER_END_SMI_TODO_PROPERTIES'
agent_todo_archive_INTERVENTION_FEEDBACK,where `_removed`.`toDoProperties`.`type`='INTERVENTION_FEEDBACK' or `toDoProperties`.`type`='INTERVENTION_FEEDBACK'
agent_todo_archive_INTERVENTION_REVIEW,where `_removed`.`toDoProperties`.`type`='INTERVENTION_REVIEW' or `toDoProperties`.`type`='INTERVENTION_REVIEW'
agent_todo_archive_INVESTIGATE_DUPLICATE_ACCOUNT_TODO_PROPERTIES,where `_removed`.`toDoProperties`.`type`='INVESTIGATE_DUPLICATE_ACCOUNT_TODO_PROPERTIES' or `toDoProperties`.`type`='INVESTIGATE_DUPLICATE_ACCOUNT_TODO_PROPERTIES'
agent_todo_archive_JOURNAL_ENTRY,where `_removed`.`toDoProperties`.`type`='JOURNAL_ENTRY' or `toDoProperties`.`type`='JOURNAL_ENTRY'
agent_todo_archive_MAKE_A_DECISION_ALP_TO_DO_PROPERTIES,where `_removed`.`toDoProperties`.`type`='MAKE_A_DECISION_ALP_TO_DO_PROPERTIES' or `toDoProperties`.`type`='MAKE_A_DECISION_ALP_TO_DO_PROPERTIES'
agent_todo_archive_NEW_RELATIONSHIP,where `_removed`.`toDoProperties`.`type`='NEW_RELATIONSHIP' or `toDoProperties`.`type`='NEW_RELATIONSHIP'
agent_todo_archive_NON_DEPENDENT_HOUSING_COST_CONTRIBUTION,where `_removed`.`toDoProperties`.`type`='NON_DEPENDENT_HOUSING_COST_CONTRIBUTION' or `toDoProperties`.`type`='NON_DEPENDENT_HOUSING_COST_CONTRIBUTION'
agent_todo_archive_NOTIFY_EXISTING_BENEFIT_TO_DO_PROPERTIES,where `_removed`.`toDoProperties`.`type`='NOTIFY_EXISTING_BENEFIT_TO_DO_PROPERTIES' or `toDoProperties`.`type`='NOTIFY_EXISTING_BENEFIT_TO_DO_PROPERTIES'
agent_todo_archive_OVERDUE_TO_DOS_FOR_CALCULATION,where `_removed`.`toDoProperties`.`type`='OVERDUE_TO_DOS_FOR_CALCULATION' or `toDoProperties`.`type`='OVERDUE_TO_DOS_FOR_CALCULATION'
agent_todo_archive_PERMITTED_PERIOD_EXPIRING_SOON,where `_removed`.`toDoProperties`.`type`='PERMITTED_PERIOD_EXPIRING_SOON' or `toDoProperties`.`type`='PERMITTED_PERIOD_EXPIRING_SOON'
agent_todo_archive_PERSON_DETAILS_PROPERTIES,where `_removed`.`toDoProperties`.`type`='PERSON_DETAILS_PROPERTIES' or `toDoProperties`.`type`='PERSON_DETAILS_PROPERTIES'
agent_todo_archive_PERSON_SUMMARY,where `_removed`.`toDoProperties`.`type`='PERSON_SUMMARY' or `toDoProperties`.`type`='PERSON_SUMMARY'
agent_todo_archive_RTE_SUPPLIED,where `_removed`.`toDoProperties`.`type`='RTE_SUPPLIED' or `toDoProperties`.`type`='RTE_SUPPLIED'
agent_todo_archive_RECORD_OVERLAPPING_BENEFIT_TO_DO_PROPERTIES,where `_removed`.`toDoProperties`.`type`='RECORD_OVERLAPPING_BENEFIT_TO_DO_PROPERTIES' or `toDoProperties`.`type`='RECORD_OVERLAPPING_BENEFIT_TO_DO_PROPERTIES'
agent_todo_archive_RECOVER_OVERLAPPING_BENEFIT_PAYMENTS,where `_removed`.`toDoProperties`.`type`='RECOVER_OVERLAPPING_BENEFIT_PAYMENTS' or `toDoProperties`.`type`='RECOVER_OVERLAPPING_BENEFIT_PAYMENTS'
agent_todo_archive_REFER_ENTITLEMENT_TO_DECISION_MAKER_PROPERTIES,where `_removed`.`toDoProperties`.`type`='REFER_ENTITLEMENT_TO_DECISION_MAKER_PROPERTIES' or `toDoProperties`.`type`='REFER_ENTITLEMENT_TO_DECISION_MAKER_PROPERTIES'
agent_todo_archive_REFER_OVERPAYMENT,where `_removed`.`toDoProperties`.`type`='REFER_OVERPAYMENT' or `toDoProperties`.`type`='REFER_OVERPAYMENT'
agent_todo_archive_REJECTED_CARING,where `_removed`.`toDoProperties`.`type`='REJECTED_CARING' or `toDoProperties`.`type`='REJECTED_CARING'
agent_todo_archive_RELATIONSHIP_ENDED,where `_removed`.`toDoProperties`.`type`='RELATIONSHIP_ENDED' or `toDoProperties`.`type`='RELATIONSHIP_ENDED'
agent_todo_archive_REPORT_THIS_SELF_EMPLOYMENT,where `_removed`.`toDoProperties`.`type`='REPORT_THIS_SELF_EMPLOYMENT' or `toDoProperties`.`type`='REPORT_THIS_SELF_EMPLOYMENT'
agent_todo_archive_RETROSPECTIVE_CALC_PROPERTIES,where `_removed`.`toDoProperties`.`type`='RETROSPECTIVE_CALC_PROPERTIES' or `toDoProperties`.`type`='RETROSPECTIVE_CALC_PROPERTIES'
agent_todo_archive_REVIEW_CLAIMANT_TODO,where `_removed`.`toDoProperties`.`type`='REVIEW_CLAIMANT_TODO' or `toDoProperties`.`type`='REVIEW_CLAIMANT_TODO'
agent_todo_archive_REVIEW_DEADLINE_TODO,where `_removed`.`toDoProperties`.`type`='REVIEW_DEADLINE_TODO' or `toDoProperties`.`type`='REVIEW_DEADLINE_TODO'
agent_todo_archive_REVIEW_MINIMUM_INCOME_FLOOR_TO_DO_PROPERTIES,where `_removed`.`toDoProperties`.`type`='REVIEW_MINIMUM_INCOME_FLOOR_TO_DO_PROPERTIES' or `toDoProperties`.`type`='REVIEW_MINIMUM_INCOME_FLOOR_TO_DO_PROPERTIES'
agent_todo_archive_RTE_TO_DO_PROPERTIES,where `_removed`.`toDoProperties`.`type`='RTE_TO_DO_PROPERTIES' or `toDoProperties`.`type`='RTE_TO_DO_PROPERTIES'
agent_todo_archive_SCOTTISH_FLEX_DIRECT_PAYMENT_TO_LANDLORD,where `_removed`.`toDoProperties`.`type`='SCOTTISH_FLEX_DIRECT_PAYMENT_TO_LANDLORD' or `toDoProperties`.`type`='SCOTTISH_FLEX_DIRECT_PAYMENT_TO_LANDLORD'
agent_todo_archive_SELF_EMPLOYED_EARNINGS_TO_DO_PROPERTIES,where `_removed`.`toDoProperties`.`type`='SELF_EMPLOYED_EARNINGS_TO_DO_PROPERTIES' or `toDoProperties`.`type`='SELF_EMPLOYED_EARNINGS_TO_DO_PROPERTIES'
agent_todo_archive_STARTED_CARING,where `_removed`.`toDoProperties`.`type`='STARTED_CARING' or `toDoProperties`.`type`='STARTED_CARING'
agent_todo_archive_STARTING_SELF_EMPLOYMENT,where `_removed`.`toDoProperties`.`type`='STARTING_SELF_EMPLOYMENT' or `toDoProperties`.`type`='STARTING_SELF_EMPLOYMENT'
agent_todo_archive_STOPPED_CARING,where `_removed`.`toDoProperties`.`type`='STOPPED_CARING' or `toDoProperties`.`type`='STOPPED_CARING'
agent_todo_archive_TIME_OFF_CARING,where `_removed`.`toDoProperties`.`type`='TIME_OFF_CARING' or `toDoProperties`.`type`='TIME_OFF_CARING'
agent_todo_archive_UNMATCHED_CLAIMANT_TO_DO_PROPERTIES,where `_removed`.`toDoProperties`.`type`='UNMATCHED_CLAIMANT_TO_DO_PROPERTIES' or `toDoProperties`.`type`='UNMATCHED_CLAIMANT_TO_DO_PROPERTIES'
agent_todo_archive_UPDATE_CIS_AFTER_CHANGE_OF_CIRCS,where `_removed`.`toDoProperties`.`type`='UPDATE_CIS_AFTER_CHANGE_OF_CIRCS' or `toDoProperties`.`type`='UPDATE_CIS_AFTER_CHANGE_OF_CIRCS'
agent_todo_archive_UPDATE_CIS_FROM_CIS_500_PROPERTIES,where `_removed`.`toDoProperties`.`type`='UPDATE_CIS_FROM_CIS_500_PROPERTIES' or `toDoProperties`.`type`='UPDATE_CIS_FROM_CIS_500_PROPERTIES'
agent_todo_archive_UPDATE_CIS_FROM_TRACE_CIS_PROPERTIES,where `_removed`.`toDoProperties`.`type`='UPDATE_CIS_FROM_TRACE_CIS_PROPERTIES' or `toDoProperties`.`type`='UPDATE_CIS_FROM_TRACE_CIS_PROPERTIES'
agent_todo_archive_UPDATE_CIS_PROPERTIES,where `_removed`.`toDoProperties`.`type`='UPDATE_CIS_PROPERTIES' or `toDoProperties`.`type`='UPDATE_CIS_PROPERTIES'
agent_todo_archive_VERIFY_CHILDCARE,where `_removed`.`toDoProperties`.`type`='VERIFY_CHILDCARE' or `toDoProperties`.`type`='VERIFY_CHILDCARE'
agent_todo_archive_VERIFY_FILE_UPLOADED_CHILDCARE,where `_removed`.`toDoProperties`.`type`='VERIFY_FILE_UPLOADED_CHILDCARE' or `toDoProperties`.`type`='VERIFY_FILE_UPLOADED_CHILDCARE'
agent_todo_archive_VERIFY_SELF_EMPLOYMENT,where `_removed`.`toDoProperties`.`type`='VERIFY_SELF_EMPLOYMENT' or `toDoProperties`.`type`='VERIFY_SELF_EMPLOYMENT'
agent_todo_archive_WCA_DECISION,where `_removed`.`toDoProperties`.`type`='WCA_DECISION' or `toDoProperties`.`type`='WCA_DECISION'
agent_todo_archive_WHO_LIVES_WITH_YOU_SUMMARY,where `_removed`.`toDoProperties`.`type`='WHO_LIVES_WITH_YOU_SUMMARY' or `toDoProperties`.`type`='WHO_LIVES_WITH_YOU_SUMMARY'
agent_todo_archive_WORK_ALLOWANCE_CHANGES_CONTACT_CLAIMANT,where `_removed`.`toDoProperties`.`type`='WORK_ALLOWANCE_CHANGES_CONTACT_CLAIMANT' or `toDoProperties`.`type`='WORK_ALLOWANCE_CHANGES_CONTACT_CLAIMANT'
agent_todo_archive_WORK_AND_EARNINGS_SUMMARY,where `_removed`.`toDoProperties`.`type`='WORK_AND_EARNINGS_SUMMARY' or `toDoProperties`.`type`='WORK_AND_EARNINGS_SUMMARY'
agent_todo_archive_VERIFY_SOCIAL_HOUSING_PROPERTIES,where `_removed`.`toDoProperties`.`type`='VERIFY_SOCIAL_HOUSING_PROPERTIES' or `toDoProperties`.`type`='VERIFY_SOCIAL_HOUSING_PROPERTIES'
agent_todo_archive_CALL_TERMINALLY_ILL_PROPERTIES,where `_removed`.`toDoProperties`.`type`='CALL_TERMINALLY_ILL_PROPERTIES' or `toDoProperties`.`type`='CALL_TERMINALLY_ILL_PROPERTIES'
agent_todo_archive_CHECK_MEDICAL_EVIDENCE_PROPERTIES,where `_removed`.`toDoProperties`.`type`='CHECK_MEDICAL_EVIDENCE_PROPERTIES' or `toDoProperties`.`type`='CHECK_MEDICAL_EVIDENCE_PROPERTIES'
agent_todo_archive_CHECK_WORKGROUP_AND_COMMITMENTS_FOR_PREGNANCY,where `_removed`.`toDoProperties`.`type`='CHECK_WORKGROUP_AND_COMMITMENTS_FOR_PREGNANCY' or `toDoProperties`.`type`='CHECK_WORKGROUP_AND_COMMITMENTS_FOR_PREGNANCY'
agent_todo_archive_CONFIRM_BENEFIT_DETAILS,where `_removed`.`toDoProperties`.`type`='CONFIRM_BENEFIT_DETAILS' or `toDoProperties`.`type`='CONFIRM_BENEFIT_DETAILS'
agent_todo_archive_CONSIDER_WCA_REFERRAL_PROPERTIES,where `_removed`.`toDoProperties`.`type`='CONSIDER_WCA_REFERRAL_PROPERTIES' or `toDoProperties`.`type`='CONSIDER_WCA_REFERRAL_PROPERTIES'
agent_todo_archive_INVESTIGATE_CIS_INTEREST_ERROR,where `_removed`.`toDoProperties`.`type`='INVESTIGATE_CIS_INTEREST_ERROR' or `toDoProperties`.`type`='INVESTIGATE_CIS_INTEREST_ERROR'
agent_todo_archive_OFFER_WCA_REFERRAL_PROPERTIES,where `_removed`.`toDoProperties`.`type`='OFFER_WCA_REFERRAL_PROPERTIES' or `toDoProperties`.`type`='OFFER_WCA_REFERRAL_PROPERTIES'
agent_todo_archive_REPORT_THIS,where `_removed`.`toDoProperties`.`type`='REPORT_THIS' or `toDoProperties`.`type`='REPORT_THIS'
agent_todo_archive_REVIEW_CLAIMANT_UPLOAD_PROPERTIES,where `_removed`.`toDoProperties`.`type`='REVIEW_CLAIMANT_UPLOAD_PROPERTIES' or `toDoProperties`.`type`='REVIEW_CLAIMANT_UPLOAD_PROPERTIES'
agent_todo_archive_VERIFY_PROPERTIES,where `_removed`.`toDoProperties`.`type`='VERIFY_PROPERTIES' or `toDoProperties`.`type`='VERIFY_PROPERTIES'
agent_todo_archive_CHECK_CALCULATION_PROPERTIES,where `_removed`.`toDoProperties`.`type`='CHECK_CALCULATION_PROPERTIES' or `toDoProperties`.`type`='CHECK_CALCULATION_PROPERTIES'
agent_todo_archive_CALCULATE_PAYMENT_PROPERTIES,where `_removed`.`toDoProperties`.`type`='CALCULATE_PAYMENT_PROPERTIES' or `toDoProperties`.`type`='CALCULATE_PAYMENT_PROPERTIES'
agent_todo_archive_MAKE_A_PAYMENT,where `_removed`.`toDoProperties`.`type`='MAKE_A_PAYMENT' or `toDoProperties`.`type`='MAKE_A_PAYMENT'
agent_todo_archive_MAKE_A_PAYMENT_TODO_PROPERTIES,where `_removed`.`toDoProperties`.`type`='MAKE_A_PAYMENT_TODO_PROPERTIES' or `toDoProperties`.`type`='MAKE_A_PAYMENT_TODO_PROPERTIES'
agent_todo_archive_MAKE_AN_ADVANCE_PAYMENT,where `_removed`.`toDoProperties`.`type`='MAKE_AN_ADVANCE_PAYMENT' or `toDoProperties`.`type`='MAKE_AN_ADVANCE_PAYMENT'
agent_todo_archive_MAKE_AN_AUTO_CALCULATED_PAYMENT,where `_removed`.`toDoProperties`.`type`='MAKE_AN_AUTO_CALCULATED_PAYMENT' or `toDoProperties`.`type`='MAKE_AN_AUTO_CALCULATED_PAYMENT'
journal_advanceApprovedJournalEntry,where `_removed`.`journalEntryProperties`.`type`='advanceApprovedJournalEntry' or `journalEntryProperties`.`type`='advanceApprovedJournalEntry'
journal_advanceDeferredJournalEntry,where `_removed`.`journalEntryProperties`.`type`='advanceDeferredJournalEntry' or `journalEntryProperties`.`type`='advanceDeferredJournalEntry'
journal_AnnualVerificationJournalEntry,where `_removed`.`journalEntryProperties`.`type`='AnnualVerificationJournalEntry' or `journalEntryProperties`.`type`='AnnualVerificationJournalEntry'
journal_COMPLETED_ATTEND_APPOINTMENT_JOURNAL_PROPERTIES,where `_removed`.`journalEntryProperties`.`type`='COMPLETED_ATTEND_APPOINTMENT_JOURNAL_PROPERTIES' or `journalEntryProperties`.`type`='COMPLETED_ATTEND_APPOINTMENT_JOURNAL_PROPERTIES'
journal_ApaApprovedJournalEntry,where `_removed`.`journalEntryProperties`.`type`='ApaApprovedJournalEntry' or `journalEntryProperties`.`type`='ApaApprovedJournalEntry'
journal_undefined,where `_removed`.`journalEntryProperties`.`type`='undefined' or `journalEntryProperties`.`type`='undefined'
journal_FlexDirectPaymentToLandlordAgentToDoJournalEntry,where `_removed`.`journalEntryProperties`.`type`='FlexDirectPaymentToLandlordAgentToDoJournalEntry' or `journalEntryProperties`.`type`='FlexDirectPaymentToLandlordAgentToDoJournalEntry'
journal_FlexDirectPaymentToLandlordCancelledJournalEntry,where `_removed`.`journalEntryProperties`.`type`='FlexDirectPaymentToLandlordCancelledJournalEntry' or `journalEntryProperties`.`type`='FlexDirectPaymentToLandlordCancelledJournalEntry'
journal_FlexDirectPaymentToLandlordClaimantToDoJournalEntry,where `_removed`.`journalEntryProperties`.`type`='FlexDirectPaymentToLandlordClaimantToDoJournalEntry' or `journalEntryProperties`.`type`='FlexDirectPaymentToLandlordClaimantToDoJournalEntry'
journal_FlexMoreFrequentPaymentsAgentToDoJournalEntry,where `_removed`.`journalEntryProperties`.`type`='FlexMoreFrequentPaymentsAgentToDoJournalEntry' or `journalEntryProperties`.`type`='FlexMoreFrequentPaymentsAgentToDoJournalEntry'
journal_FlexMoreFrequentPaymentsCancelledJournalEntry,where `_removed`.`journalEntryProperties`.`type`='FlexMoreFrequentPaymentsCancelledJournalEntry' or `journalEntryProperties`.`type`='FlexMoreFrequentPaymentsCancelledJournalEntry'
journal_FlexMoreFrequentPaymentsClaimantToDoJournalEntry,where `_removed`.`journalEntryProperties`.`type`='FlexMoreFrequentPaymentsClaimantToDoJournalEntry' or `journalEntryProperties`.`type`='FlexMoreFrequentPaymentsClaimantToDoJournalEntry'
journal_PaymentStoppedJournalEntry,where `_removed`.`journalEntryProperties`.`type`='PaymentStoppedJournalEntry' or `journalEntryProperties`.`type`='PaymentStoppedJournalEntry'
journal_BenefitCapNotificationJournalEntry,where `_removed`.`journalEntryProperties`.`type`='BenefitCapNotificationJournalEntry' or `journalEntryProperties`.`type`='BenefitCapNotificationJournalEntry'
journal_AddressSummaryJournalEntry,where `_removed`.`journalEntryProperties`.`type`='AddressSummaryJournalEntry' or `journalEntryProperties`.`type`='AddressSummaryJournalEntry'
journal_BankDetailsSummaryJournalEntry,where `_removed`.`journalEntryProperties`.`type`='BankDetailsSummaryJournalEntry' or `journalEntryProperties`.`type`='BankDetailsSummaryJournalEntry'
journal_CarerStartedSummaryJournalEntry,where `_removed`.`journalEntryProperties`.`type`='CarerStartedSummaryJournalEntry' or `journalEntryProperties`.`type`='CarerStartedSummaryJournalEntry'
journal_CarerStoppedSummaryJournalEntry,where `_removed`.`journalEntryProperties`.`type`='CarerStoppedSummaryJournalEntry' or `journalEntryProperties`.`type`='CarerStoppedSummaryJournalEntry'
journal_CarerTimeOffSummaryJournalEntry,where `_removed`.`journalEntryProperties`.`type`='CarerTimeOffSummaryJournalEntry' or `journalEntryProperties`.`type`='CarerTimeOffSummaryJournalEntry'
journal_ChildcareSummaryJournalEntry,where `_removed`.`journalEntryProperties`.`type`='ChildcareSummaryJournalEntry' or `journalEntryProperties`.`type`='ChildcareSummaryJournalEntry'
journal_WhoLivesWithYouSummaryJournalEntry,where `_removed`.`journalEntryProperties`.`type`='WhoLivesWithYouSummaryJournalEntry' or `journalEntryProperties`.`type`='WhoLivesWithYouSummaryJournalEntry'
journal_HealthAndDisabilitySummaryJournalEntry,where `_removed`.`journalEntryProperties`.`type`='HealthAndDisabilitySummaryJournalEntry' or `journalEntryProperties`.`type`='HealthAndDisabilitySummaryJournalEntry'
journal_ProvideAFitNoteSummaryJournalEntry,where `_removed`.`journalEntryProperties`.`type`='ProvideAFitNoteSummaryJournalEntry' or `journalEntryProperties`.`type`='ProvideAFitNoteSummaryJournalEntry'
journal_HousingCostsChangeSummaryJournalEntry,where `_removed`.`journalEntryProperties`.`type`='HousingCostsChangeSummaryJournalEntry' or `journalEntryProperties`.`type`='HousingCostsChangeSummaryJournalEntry'
journal_HousingSummaryJournalEntry,where `_removed`.`journalEntryProperties`.`type`='HousingSummaryJournalEntry' or `journalEntryProperties`.`type`='HousingSummaryJournalEntry'
journal_SubmitClaimJournalEntry,where `_removed`.`journalEntryProperties`.`type`='SubmitClaimJournalEntry' or `journalEntryProperties`.`type`='SubmitClaimJournalEntry'
journal_PersonSummaryJournalEntry,where `_removed`.`journalEntryProperties`.`type`='PersonSummaryJournalEntry' or `journalEntryProperties`.`type`='PersonSummaryJournalEntry'
journal_WaitingDaysJournalEntry,where `_removed`.`journalEntryProperties`.`type`='WaitingDaysJournalEntry' or `journalEntryProperties`.`type`='WaitingDaysJournalEntry'
journal_WorkAndEarningsSummaryJournalEntry,where `_removed`.`journalEntryProperties`.`type`='WorkAndEarningsSummaryJournalEntry' or `journalEntryProperties`.`type`='WorkAndEarningsSummaryJournalEntry'
journal_FebruaryPaymentJournalEntry,where `_removed`.`journalEntryProperties`.`type`='FebruaryPaymentJournalEntry' or `journalEntryProperties`.`type`='FebruaryPaymentJournalEntry'
journal_GenericJournalEntry,where `_removed`.`journalEntryProperties`.`type`='GenericJournalEntry' or `journalEntryProperties`.`type`='GenericJournalEntry'
journal_WordyJournalEntry,where `_removed`.`journalEntryProperties`.`type`='WordyJournalEntry' or `journalEntryProperties`.`type`='WordyJournalEntry'
journal_AdhocTodoJournalEntry,where `_removed`.`journalEntryProperties`.`type`='AdhocTodoJournalEntry' or `journalEntryProperties`.`type`='AdhocTodoJournalEntry'
journal_CompleteANewServicePilotJournalEntry,where `_removed`.`journalEntryProperties`.`type`='CompleteANewServicePilotJournalEntry' or `journalEntryProperties`.`type`='CompleteANewServicePilotJournalEntry'
journal_HaveALookTodoJournalEntry,where `_removed`.`journalEntryProperties`.`type`='HaveALookTodoJournalEntry' or `journalEntryProperties`.`type`='HaveALookTodoJournalEntry'
journal_ProvideFurtherProofOfYourChildcareCostsJournalEntry,where `_removed`.`journalEntryProperties`.`type`='ProvideFurtherProofOfYourChildcareCostsJournalEntry' or `journalEntryProperties`.`type`='ProvideFurtherProofOfYourChildcareCostsJournalEntry'
journal_ProvideProofOfYourChildcareCostsJournalEntry,where `_removed`.`journalEntryProperties`.`type`='ProvideProofOfYourChildcareCostsJournalEntry' or `journalEntryProperties`.`type`='ProvideProofOfYourChildcareCostsJournalEntry'
journal_ProvideProofOfYourChildcareProviderJournalEntry,where `_removed`.`journalEntryProperties`.`type`='ProvideProofOfYourChildcareProviderJournalEntry' or `journalEntryProperties`.`type`='ProvideProofOfYourChildcareProviderJournalEntry'
journal_TakingPartInANewServicePilotJournalEntry,where `_removed`.`journalEntryProperties`.`type`='TakingPartInANewServicePilotJournalEntry' or `journalEntryProperties`.`type`='TakingPartInANewServicePilotJournalEntry'
journal_ReviewUploadDocumentsJournalEntry,where `_removed`.`journalEntryProperties`.`type`='ReviewUploadDocumentsJournalEntry' or `journalEntryProperties`.`type`='ReviewUploadDocumentsJournalEntry'
journal_ClaimantNotificationJournalEntry,where `_removed`.`journalEntryProperties`.`type`='ClaimantNotificationJournalEntry' or `journalEntryProperties`.`type`='ClaimantNotificationJournalEntry'
journal_legacyFraudPenaltyAddedJournalEntry,where `_removed`.`journalEntryProperties`.`type`='legacyFraudPenaltyAddedJournalEntry' or `journalEntryProperties`.`type`='legacyFraudPenaltyAddedJournalEntry'
journal_legacyFraudPenaltyRemovedJournalEntry,where `_removed`.`journalEntryProperties`.`type`='legacyFraudPenaltyRemovedJournalEntry' or `journalEntryProperties`.`type`='legacyFraudPenaltyRemovedJournalEntry'
journal_legacySanctionAddedJournalEntry,where `_removed`.`journalEntryProperties`.`type`='legacySanctionAddedJournalEntry' or `journalEntryProperties`.`type`='legacySanctionAddedJournalEntry'
journal_legacySanctionRemovedJournalEntry,where `_removed`.`journalEntryProperties`.`type`='legacySanctionRemovedJournalEntry' or `journalEntryProperties`.`type`='legacySanctionRemovedJournalEntry'
journal_ucFraudPenaltyAddedJournalEntry,where `_removed`.`journalEntryProperties`.`type`='ucFraudPenaltyAddedJournalEntry' or `journalEntryProperties`.`type`='ucFraudPenaltyAddedJournalEntry'
journal_ucFraudPenaltyRemovedJournalEntry,where `_removed`.`journalEntryProperties`.`type`='ucFraudPenaltyRemovedJournalEntry' or `journalEntryProperties`.`type`='ucFraudPenaltyRemovedJournalEntry'
journal_ucOpenEndedSanctionAddedJournalEntry,where `_removed`.`journalEntryProperties`.`type`='ucOpenEndedSanctionAddedJournalEntry' or `journalEntryProperties`.`type`='ucOpenEndedSanctionAddedJournalEntry'
journal_ucSanctionAddedJournalEntry,where `_removed`.`journalEntryProperties`.`type`='ucSanctionAddedJournalEntry' or `journalEntryProperties`.`type`='ucSanctionAddedJournalEntry'
journal_ucSanctionRemovedJournalEntry,where `_removed`.`journalEntryProperties`.`type`='ucSanctionRemovedJournalEntry' or `journalEntryProperties`.`type`='ucSanctionRemovedJournalEntry'
todo_SOCIAL_HOUSING_AGREE_CHANGES_TO_DO_PROPERTIES,where `_removed`.`properties`.`type`='SOCIAL_HOUSING_AGREE_CHANGES_TO_DO_PROPERTIES' or `properties`.`type`='SOCIAL_HOUSING_AGREE_CHANGES_TO_DO_PROPERTIES'
todo_ACCEPT_COMMITMENTS_TODO_PROPERTIES,where `_removed`.`properties`.`type`='ACCEPT_COMMITMENTS_TODO_PROPERTIES' or `properties`.`type`='ACCEPT_COMMITMENTS_TODO_PROPERTIES'
todo_READ_ABOUT_REDUCED_PAYMENTS_TODO_PROPERTIES,where `_removed`.`properties`.`type`='READ_ABOUT_REDUCED_PAYMENTS_TODO_PROPERTIES' or `properties`.`type`='READ_ABOUT_REDUCED_PAYMENTS_TODO_PROPERTIES'
todo_VERIFY_YOUR_IDENTITY_TODO_PROPERTIES,where `_removed`.`properties`.`type`='VERIFY_YOUR_IDENTITY_TODO_PROPERTIES' or `properties`.`type`='VERIFY_YOUR_IDENTITY_TODO_PROPERTIES'
todo_ANNUAL_VERIFICATION_TODO_PROPERTIES,where `_removed`.`properties`.`type`='ANNUAL_VERIFICATION_TODO_PROPERTIES' or `properties`.`type`='ANNUAL_VERIFICATION_TODO_PROPERTIES'
todo_BANK_DETAILS_CHANGE,where `_removed`.`properties`.`type`='BANK_DETAILS_CHANGE' or `properties`.`type`='BANK_DETAILS_CHANGE'
todo_CHILDCARE_COSTS_CHANGE_CIRCS,where `_removed`.`properties`.`type`='CHILDCARE_COSTS_CHANGE_CIRCS' or `properties`.`type`='CHILDCARE_COSTS_CHANGE_CIRCS'
todo_CLAIMANT_NOTES,where `_removed`.`properties`.`type`='CLAIMANT_NOTES' or `properties`.`type`='CLAIMANT_NOTES'
todo_CONTACT_SERVICE_CENTRE_TODO_PROPERTIES,where `_removed`.`properties`.`type`='CONTACT_SERVICE_CENTRE_TODO_PROPERTIES' or `properties`.`type`='CONTACT_SERVICE_CENTRE_TODO_PROPERTIES'
todo_HAVE_A_LOOK_TODO_PROPERTIES,where `_removed`.`properties`.`type`='HAVE_A_LOOK_TODO_PROPERTIES' or `properties`.`type`='HAVE_A_LOOK_TODO_PROPERTIES'
todo_INITIAL_GATHER,where `_removed`.`properties`.`type`='INITIAL_GATHER' or `properties`.`type`='INITIAL_GATHER'
todo_PREPARE_TO_MEET_WORK_COACH_TODO_PROPERTIES,where `_removed`.`properties`.`type`='PREPARE_TO_MEET_WORK_COACH_TODO_PROPERTIES' or `properties`.`type`='PREPARE_TO_MEET_WORK_COACH_TODO_PROPERTIES'
todo_CHILDCARE_COSTS_PROVIDE_PROOF,where `_removed`.`properties`.`type`='CHILDCARE_COSTS_PROVIDE_PROOF' or `properties`.`type`='CHILDCARE_COSTS_PROVIDE_PROOF'
todo_CHILDCARE_PROVIDER_PROVIDE_PROOF,where `_removed`.`properties`.`type`='CHILDCARE_PROVIDER_PROVIDE_PROOF' or `properties`.`type`='CHILDCARE_PROVIDER_PROVIDE_PROOF'
todo_PROVIDE_FIT_NOTE_REMINDER,where `_removed`.`properties`.`type`='PROVIDE_FIT_NOTE_REMINDER' or `properties`.`type`='PROVIDE_FIT_NOTE_REMINDER'
todo_PROVIDE_FURTHER_PROOF_OF_YOUR_CHILDCARE_COSTS,where `_removed`.`properties`.`type`='PROVIDE_FURTHER_PROOF_OF_YOUR_CHILDCARE_COSTS' or `properties`.`type`='PROVIDE_FURTHER_PROOF_OF_YOUR_CHILDCARE_COSTS'
todo_PROVIDE_PROOF_OF_YOUR_CHILDCARE_COSTS,where `_removed`.`properties`.`type`='PROVIDE_PROOF_OF_YOUR_CHILDCARE_COSTS' or `properties`.`type`='PROVIDE_PROOF_OF_YOUR_CHILDCARE_COSTS'
todo_REDECLARE_CIRCUMSTANCES,where `_removed`.`properties`.`type`='REDECLARE_CIRCUMSTANCES' or `properties`.`type`='REDECLARE_CIRCUMSTANCES'
todo_REPORT_SELF_EMPLOYED_EARNINGS_PROPERTIES,where `_removed`.`properties`.`type`='REPORT_SELF_EMPLOYED_EARNINGS_PROPERTIES' or `properties`.`type`='REPORT_SELF_EMPLOYED_EARNINGS_PROPERTIES'
todo_REPORT_SELF_EMPLOYMENT_EARNINGS_FEEDBACK_PROPERTIES,where `_removed`.`properties`.`type`='REPORT_SELF_EMPLOYMENT_EARNINGS_FEEDBACK_PROPERTIES' or `properties`.`type`='REPORT_SELF_EMPLOYMENT_EARNINGS_FEEDBACK_PROPERTIES'
todo_REPORT_SELF_EMPLOYMENT_EARNINGS_PROPERTIES,where `_removed`.`properties`.`type`='REPORT_SELF_EMPLOYMENT_EARNINGS_PROPERTIES' or `properties`.`type`='REPORT_SELF_EMPLOYMENT_EARNINGS_PROPERTIES'
todo_UPLOAD_DOCUMENTS_TODO_CREATION,where `_removed`.`properties`.`type`='UPLOAD_DOCUMENTS_TODO_CREATION' or `properties`.`type`='UPLOAD_DOCUMENTS_TODO_CREATION'
todo_UPLOAD_DOCUMENTS_TODO,where `_removed`.`properties`.`type`='UPLOAD_DOCUMENTS_TODO' or `properties`.`type`='UPLOAD_DOCUMENTS_TODO'
todo_ATTEND_IN_PERSON_APPOINTMENT_TODO_PROPERTIES,where `_removed`.`properties`.`type`='ATTEND_IN_PERSON_APPOINTMENT_TODO_PROPERTIES' or `properties`.`type`='ATTEND_IN_PERSON_APPOINTMENT_TODO_PROPERTIES'
todo_ATTEND_PHONE_APPOINTMENT_TODO_PROPERTIES,where `_removed`.`properties`.`type`='ATTEND_PHONE_APPOINTMENT_TODO_PROPERTIES' or `properties`.`type`='ATTEND_PHONE_APPOINTMENT_TODO_PROPERTIES'
todo_ATTEND_APPOINTMENT_TODO_PROPERTIES,where `_removed`.`properties`.`type`='ATTEND_APPOINTMENT_TODO_PROPERTIES' or `properties`.`type`='ATTEND_APPOINTMENT_TODO_PROPERTIES'
todo_DROP_IN_EARNINGS_PREVIOUS_EARNINGS,where `_removed`.`properties`.`type`='DROP_IN_EARNINGS_PREVIOUS_EARNINGS' or `properties`.`type`='DROP_IN_EARNINGS_PREVIOUS_EARNINGS'
todo_STOPPED_WORKING_PREVIOUS_EARNINGS,where `_removed`.`properties`.`type`='STOPPED_WORKING_PREVIOUS_EARNINGS' or `properties`.`type`='STOPPED_WORKING_PREVIOUS_EARNINGS'
claimant_commitment_HIGH,where `_removed`.`properties`.`type`='HIGH' or `properties`.`type`='HIGH'
claimant_commitment_HIGH-V2,where `_removed`.`properties`.`type`='HIGH-V2' or `properties`.`type`='HIGH-V2'
claimant_commitment_LOW,where `_removed`.`properties`.`type`='LOW' or `properties`.`type`='LOW'
claimant_commitment_LOW-V2,where `_removed`.`properties`.`type`='LOW-V2' or `properties`.`type`='LOW-V2'
claimant_commitment_MEDIUM,where `_removed`.`properties`.`type`='MEDIUM' or `properties`.`type`='MEDIUM'
claimant_commitment_MEDIUM-V2,where `_removed`.`properties`.`type`='MEDIUM-V2' or `properties`.`type`='MEDIUM-V2'
claimant_commitment_NONE,where `_removed`.`properties`.`type`='NONE' or `properties`.`type`='NONE'
claimant_commitment_NONE-V2,where `_removed`.`properties`.`type`='NONE-V2' or `properties`.`type`='NONE-V2'
